{
	"info": {
		"_postman_id": "94a78f66-4a7a-4ca6-b28f-ba2876867e7d",
		"name": "Liv API",
		"schema": "https://schema.getpostman.com/json/collection/v2.1.0/collection.json"
	},
	"item": [
		{
			"name": "Health",
			"request": {
				"method": "GET",
				"header": [],
				"url": {
					"raw": "http://localhost:3000/api/v1/health",
					"protocol": "http",
					"host": [
						"localhost"
					],
					"port": "3000",
					"path": [
						"api",
						"v1",
						"health"
					]
				}
			},
			"response": []
		},
		{
			"name": "Ping",
			"request": {
				"method": "GET",
				"header": [],
				"url": {
					"raw": "http://localhost:3000/api/v1/ping",
					"protocol": "http",
					"host": [
						"localhost"
					],
					"port": "3000",
					"path": [
						"api",
						"v1",
						"ping"
					]
				}
			},
			"response": []
		},
		{
			"name": "AUTH INIT",
			"request": {
				"method": "GET",
				"header": [],
				"url": {
					"raw": "http://localhost:3000/api/v1/auth/init",
					"protocol": "http",
					"host": [
						"localhost"
					],
					"port": "3000",
					"path": [
						"api",
						"v1",
						"auth",
						"init"
					]
				}
			},
			"response": []
		},
		{
			"name": "AUTH SIGNIN",
			"event": [
				{
					"listen": "prerequest",
					"script": {
						"exec": [
							"pm.environment.set(\"token\", \"eyJhbGciOiJIUzI1NiIsInR5cCI6IkpXVCJ9.eyJkYXRhIjp7ImVtYWlsIjoiam5hQHlvcG1haWwuY29tIn0sImlhdCI6MTYyOTQ1MzYzMiwiZXhwIjoxNjI5NDU3MjMyfQ.vSvAv7y_rZrv_hYhpdwq5EYiam9gMBL3N1PHH2En5Yg\");"
						],
						"type": "text/javascript"
					}
				}
			],
			"request": {
				"method": "POST",
				"header": [
					{
						"key": "Authorization",
						"value": "Bearer {{token}}",
						"type": "text"
					}
				],
				"body": {
					"mode": "raw",
					"raw": "{\n    \"payload\": {\n        \"email\": \"jna@yopmail.com\",\n        \"password\": \"signup\"\n    }\n}",
					"options": {
						"raw": {
							"language": "json"
						}
					}
				},
				"url": {
					"raw": "http://localhost:3000/api/v1/auth/signin",
					"protocol": "http",
					"host": [
						"localhost"
					],
					"port": "3000",
					"path": [
						"api",
						"v1",
						"auth",
						"signin"
					]
				}
			},
			"response": []
		},
		{
			"name": "AUTH SIGNUP USER",
			"event": [
				{
					"listen": "prerequest",
					"script": {
						"exec": [
							"pm.environment.set(\"token\", \"eyJhbGciOiJIUzI1NiIsInR5cCI6IkpXVCJ9.eyJkYXRhIjp7ImVtYWlsIjoiam5hQHlvcG1haWwuY29tIn0sImlhdCI6MTYyOTQ1MzYzMiwiZXhwIjoxNjI5NDU3MjMyfQ.vSvAv7y_rZrv_hYhpdwq5EYiam9gMBL3N1PHH2En5Yg\");"
						],
						"type": "text/javascript"
					}
				}
			],
			"request": {
				"method": "POST",
				"header": [
					{
						"key": "Authorization",
						"value": "Bearer {{token}}",
						"type": "text"
					}
				],
				"body": {
					"mode": "raw",
					"raw": "{\n    \"payload\": {\n        \"email\": \"jna@yopmail.com\",\n        \"password\": \"signup\",\n        \"lastName\": \"jna\",\n        \"firstName\": \"aubry\",\n        \"locale\": \"fr\",\n        \"phone\": \"+33680446589\",\n        \"address\": \"10 plan des pins 34270 Saint-Mathieu de Tréviers\"\n    }\n}",
					"options": {
						"raw": {
							"language": "json"
						}
					}
				},
				"url": {
					"raw": "http://localhost:3000/api/v1/auth/user-signup",
					"protocol": "http",
					"host": [
						"localhost"
					],
					"port": "3000",
					"path": [
						"api",
						"v1",
						"auth",
						"user-signup"
					]
				}
			},
			"response": []
		}
	]
}